{
  "pipeline_summary": {
    "timestamp": "2025-08-17T23:31:41.542261",
    "total_pipeline_time_seconds": 628.76,
    "models_trained": 3,
    "comparison": {
      "best_accuracy_model": "Logistic_Regression",
      "best_accuracy_score": 0.8934,
      "fastest_model": "Logistic_Regression",
      "fastest_time": 0.58,
      "all_accuracies": {
        "Logistic_Regression": 0.8934,
        "Random_Forest": 0.8634,
        "Gradient_Boosting": 0.8241
      },
      "all_training_times": {
        "Logistic_Regression": 0.58,
        "Random_Forest": 184.29,
        "Gradient_Boosting": 443.7
      }
    }
  },
  "individual_results": {
    "Logistic_Regression": {
      "model_name": "LogisticRegression",
      "train_accuracy": 0.9132,
      "test_accuracy": 0.8934,
      "f1_score": 0.8934,
      "training_time_seconds": 0.58,
      "hyperparameter_optimization": false,
      "best_params": null,
      "classification_report": {
        "0": {
          "precision": 0.8985355648535565,
          "recall": 0.8808449548810501,
          "f1-score": 0.8896023198011599,
          "support": 4876.0
        },
        "1": {
          "precision": 0.8886973180076628,
          "recall": 0.9053473848555815,
          "f1-score": 0.8969450889404486,
          "support": 5124.0
        },
        "accuracy": 0.8934,
        "macro avg": {
          "precision": 0.8936164414306096,
          "recall": 0.8930961698683157,
          "f1-score": 0.8932737043708042,
          "support": 10000.0
        },
        "weighted avg": {
          "precision": 0.8934944471697207,
          "recall": 0.8934,
          "f1-score": 0.8933647547081313,
          "support": 10000.0
        }
      }
    },
    "Random_Forest": {
      "model_name": "RandomForestClassifier",
      "train_accuracy": 1.0,
      "test_accuracy": 0.8634,
      "f1_score": 0.8634,
      "training_time_seconds": 184.29,
      "hyperparameter_optimization": false,
      "best_params": null,
      "classification_report": {
        "0": {
          "precision": 0.862453531598513,
          "recall": 0.8564397046759639,
          "f1-score": 0.8594360979625437,
          "support": 4876.0
        },
        "1": {
          "precision": 0.8642884839084917,
          "recall": 0.870023419203747,
          "f1-score": 0.8671464695584516,
          "support": 5124.0
        },
        "accuracy": 0.8634,
        "macro avg": {
          "precision": 0.8633710077535024,
          "recall": 0.8632315619398554,
          "f1-score": 0.8632912837604977,
          "support": 10000.0
        },
        "weighted avg": {
          "precision": 0.8633937611621461,
          "recall": 0.8634,
          "f1-score": 0.8633868923682869,
          "support": 10000.0
        }
      }
    },
    "Gradient_Boosting": {
      "model_name": "GradientBoostingClassifier",
      "train_accuracy": 0.8314,
      "test_accuracy": 0.8241,
      "f1_score": 0.8241,
      "training_time_seconds": 443.7,
      "hyperparameter_optimization": false,
      "classification_report": {
        "0": {
          "precision": 0.8183861082737487,
          "recall": 0.8215750615258408,
          "f1-score": 0.8199774843925903,
          "support": 4876.0
        },
        "1": {
          "precision": 0.8295788442703232,
          "recall": 0.8265027322404371,
          "f1-score": 0.8280379313715905,
          "support": 5124.0
        },
        "accuracy": 0.8241,
        "macro avg": {
          "precision": 0.823982476272036,
          "recall": 0.8240388968831389,
          "f1-score": 0.8240077078820904,
          "support": 10000.0
        },
        "weighted avg": {
          "precision": 0.8241212661983934,
          "recall": 0.8241,
          "f1-score": 0.8241076574246301,
          "support": 10000.0
        }
      }
    }
  },
  "training_config": {
    "optimize_hyperparameters": false,
    "used_precomputed_tfidf": true,
    "tfidf_train_shape": [
      250000,
      50000
    ],
    "tfidf_test_shape": [
      10000,
      50000
    ],
    "train_samples": 250000,
    "test_samples": 10000
  }
}